title,company name,company link
BaruBack End Developer,Appsensi,Link is not available
Programmer,Digital Art,Link is not available
Junior Web Developer,HACKLAB ROCKS,Link is not available
PHP Developer (Remote work),BasicBrix,Link is not available
BaruWeb Developer,P.T. Bali Gatra Komunikasi,Link is not available
BaruFull Stack Web Developer,Gameloft,Link is not available
Fullstack Web Developer,Qiscus Pte Ltd,Link is not available
PHP/Laravel Developer,SoftwareSeni,Link is not available
PHP Developer,PT. Nawa Data Solutions,Link is not available
BaruSenior Developer (Remote work),BasicBrix,Link is not available
BaruMerchant Integration Executive - Midtrans,GO-JEK,https://id.indeed.com/cmp/Pt.-Go--jek-Indonesia-2
Senior PHP Developer,Geek Portal,Link is not available
BaruJunior Web Developer,Kitameraki Limited,Link is not available
BaruSenior Laravel Developer,Dans Multi Pro,Link is not available
BaruFrontend Web Developer,Meertek Solutions,Link is not available
